id,name
Chandler,Chandler Bing
Rachel,Rachel Green
Ross,Ross Geller
Monica,Monica Geller
Joey,Joey Tribbiani
Phoebe,Phoebe Buffay
Janice,Janice